АКБ Новый Кредитный Союз оквку № 37 Улица Генерала Белова	+7 495 393-48-08	61.0000	6100	Домодедовская
Заубер Банк ККО Московский, ул. Садовническая, д. 14, стр. 1а	+7 495 647-06-06	62.3500	6235	Новокузнецкая
КБ ЮНИСТРИМ оквку № 269	+7 495 776-85-39	62.4000	6240	Арбатская (Арбатско-Покровская)
РФИ БАНК оквку № 121 Академическая	+7 495 730-51-55	62.4010	6240	Академическая
НС Банк ДО На Курской	+7 800 555-43-24	62.0600	6206	Курская (Арбатско-Покровская)
Банк Новый Символ оквку Никольская	+7 495 789-01-70	61.0000	6100	Лубянка
КБ ЮНИСТРИМ оквку № 264	+7 985 761-00-55	62.4000	6240	Юго-Западная
АКБ РФА оквку ПРЕОБРАЖЕНСКАЯ ПЛОЩАДЬ	+7 929 975-57-10	61.5000	6150	Преображенская площадь
АКБ РФА оквку Ленинский проспект дом 68/10	+7 495 930-39-79	62.5000	6250	Университет
КБ Стар Альянс оквку № 30	+7 926 472-74-40	62.1000	6210	Ясенево
НС Банк ДО Цветной бульвар	+7 800 555-43-24	62.0900	6209	Цветной бульвар
KБ НОВЫЙ ВЕК	+7 495 223-00-68	62.2500	6225	Добрынинская
КБ Стар Альянс оквку № 26	+7 916 297-88-81	61.5000	6150	Щёлковская
КБ Метрополь оквку Маяковская	+7 905 722-77-62	62.5500	6255	Маяковская
Банк Новый Символ оквку Сокол	+7 495 980-01-61	62.0000	6200	Аэропорт
КБ ЮНИСТРИМ оквку № 292 Ленинский 95	+7 495 729-44-51	62.5500	6255	Новые Черемушки
ПИР Банк ДО Войковский	+7 964 721-52-53	62.3000	6230	Войковская
КБ Стар Альянс оквку № 12	+7 925 834-71-65	62.3000	6230	Павелецкая (Замоскворецкая)
КБ Стар Альянс оквку № 8	+7 499 194-49-24	62.5000	6250	Октябрьское поле
КБ ЮНИСТРИМ оквку № 238	+7 499 340-60-77	62.3011	6230	Университет
КБ Стар Альянс оквку № 16	+7 495 970-77-37	62.3000	6230	Фрунзенская
БАНК ТГБ ДО Пречистенка 4	+7 495 364-94-57	62.3000	6230	Кропоткинская
НДБанк оквку На Фрунзенской	+7 495 971-74-70	62.4021	6240	Парк культуры (Кольцевая)
НС Банк ДО Тверской бульвар	+7 800 555-43-24	62.0600	6206	Пушкинская
КБ ЮНИСТРИМ оквку № 293	+7 925 896-77-77	62.5059	6251	Партизанская
КБ МФБанк ДО Фрунзенская	+7 915 111-39-12	62.0000	6200	Фрунзенская
ИКБ ЛОГОС ДО Ленинградский проспект	+7 495 114-50-25	62.3500	6235	Беговая
КБ СОЮЗНЫЙ ДО Ново-Переделкино	+7 495 788-44-23	61.5000	6150	Юго-Западная
Джей энд Ти Банк ДО Таганский	+7 495 662-45-45 доб. 750	61.5000	6150	Марксистская
НС Банк ДО Котельники	+7 800 555-43-24	62.0100	6201	Выхино
НС Банк ДО Юго-Западный	+7 800 555-43-24	62.0600	6206	Новые Черемушки
НС Банк ДО Павшино	+7 800 555-43-24	62.0100	6201	Волоколамская
НС Банк ДО Дмитров	+7 800 555-43-24	61.9900	6199	Алтуфьево
НС Банк ДО Южное Чертаново	+7 800 555-43-24	62.0100	6201	Аннино
КБ Юниаструм Банк Суворовская пл.	+7 495 744-04-04	61.0000	6100	Достоевская
КБ СДМ-БАНК	+7 495 705-90-90	61.2000	6120	Тушинская
КБ Анелик РУ ОО №2	+7 495 980-19-19 доб. 7181	62.2100	6221	Каховская
КБ Анелик РУ оквку №10	+7 495 980-19-19 доб. 7169	62.2100	6221	Дмитровская
КБ Анелик РУ	+7 495 980-19-19 доб. 7132	62.2100	6221	Белорусская (Замоскворецкая)
АКБ НОВЫЙ КРЕДИТНЫЙ СОЮЗ оквку № 09 УРАЛЬСКАЯ	+7 495 466-42-22	62.0000	6200	Щёлковская
КБ Анелик РУ оквку №4	+7 495 980-19-19 доб. 7163	62.2100	6221	Новокосино
РФИ БАНК оквку № 120	+7 916 710-34-05	62.5000	6250	Кутузовская
АКБ ФОРА-БАНК ДО Ленинский	+7 495 363-22-97	61.9000	6190	Калужская
АКБ ФОРА-БАНК оквку № 15	+7 495 204-46-16	61.9000	6190	Бауманская
АКБ ФОРА-БАНК ДО Митино	+7 495 228-19-54	61.9000	6190	Волоколамская
Банк Новый Символ оквку Ленинградский 78	+7 495 980-25-19	62.0000	6200	Сокол
АКБ ФОРА-БАНК ДО Юго-западный	+7 495 363-22-76	61.9000	6190	Калужская
АКБ ФОРА-БАНК ДО Реутов	+7 495 777-59-98	61.8000	6180	Выхино
АКБ ФОРА-БАНК оквку № 14	+7 495 204-46-15	61.9000	6190	Лубянка
АКБ ФОРА-БАНК ДО Цветной бульвар	+7 495 204-46-14	61.9000	6190	Трубная
АКБ ФОРА-БАНК ДО РИО-Реутов	+7 495 363-22-53	61.8000	6180	Новогиреево
АКБ ФОРА-БАНК ДО Китай-город	+7 495 775-65-55 доб. 1675	61.9000	6190	Китай-город (Калужско-Рижская)
АКБ ФОРА-БАНК ДО Шереметьевский	+7 495 775-65-55 доб. 2032	61.9000	6190	Марьина Роща
АКБ ФОРА-БАНК	+7 495 363-22-70	61.9000	6190	Парк культуры (Кольцевая)
АКБ ФОРА-БАНК ДО Измайловский	+7 495 228-19-53 доб. 213	61.9000	6190	Первомайская
АКБ ФОРА-БАНК ул. Б. Тульская	+7 495 775-65-55 доб. 1764	61.6000	6160	Добрынинская
АКБ ФОРА-БАНК ДО Дмитровский	+7 495 363-22-72	61.9000	6190	Алтуфьево
АКБ ФОРА-БАНК ДО Румянцево	+7 495 204-46-12	61.7000	6170	Тропарево
АКБ ФОРА-БАНК ДО Беговая	+7 495 945-46-17 доб. 1549	61.9000	6190	Беговая
Алма Банк	+7 499 900-86-90	61.7500	6175	Петровско-Разумовская
АКБ ФОРА-БАНК ДО Арбатский	+7 495 363-22-96 доб. 2551	61.9000	6190	Арбатская (Арбатско-Покровская)
СКБ-банк филиал Московский	+7 495 915-31-08	62.0100	6201
БАНК МОСКВА-СИТИ ДО ПОКРОВКА	+7 495 981-84-30	62.4000	6240	Красные ворота
